{
  "best_params": {
    "num_leaves": 65,
    "learning_rate": 0.01470704438961084,
    "feature_fraction": 0.6143708934998914,
    "bagging_fraction": 0.6164663384762434,
    "bagging_freq": 5,
    "min_child_samples": 23,
    "lambda_l1": 6.444708449914689,
    "lambda_l2": 0.620306608289879,
    "max_depth": 5
  },
  "best_auc": 0.8217924742133288,
  "n_trials": 50,
  "elapsed_sec": 2671.390779018402
}