{
  "best_weights": [
    0.152362551586749,
    0.1125203211249897,
    0.3481289157621502,
    0.34101012420129595,
    0.045978087324815176
  ],
  "best_score": 1.0,
  "n_trials": 200,
  "elapsed_sec": 9491.081821203232
}