{"a": 5.536923073694426, "b": -3.403262641731688}