{"a": 6.365657259396382, "b": -4.23377679970855}