{"a": 0.7176378244080063, "b": -1.048324631311523}