{"a": 7.330640300671078, "b": -3.8041138347588936}