{"a": 9.859658679676606, "b": -4.996747427545085}