{"a": 6.431877864609062, "b": -3.521681440118236}