{"a": 6.491811764025956, "b": -3.329961521280048}