{"a": 1.6564844961182923, "b": -1.9028844805718093}