{"a": 5.448642957654296, "b": -3.5188784863925995}