{"a": 5.705774788275297, "b": -2.9760688415464793}