{"a": 3.6580782767704036, "b": -2.360446839286342}