{"a": 1.6924629275259102, "b": -1.9229866239860265}