{"a": 4.874846268748587, "b": -2.761098970088901}