{"a": 4.670105019137768, "b": -2.6174196108363175}