{"a": 4.590882513018425, "b": -2.6834273335917733}