{"a": 5.5402236195796455, "b": -3.0649326152027023}