{"a": 5.466878411739299, "b": -2.4731172446491714}