{"a": 5.9889793851241215, "b": -3.8258456953751674}