{"a": 5.123422212689186, "b": -3.2242022705003213}