{"a": 6.118278937434698, "b": -3.5972825048363744}