{"a": 0.4987089285025789, "b": -1.0799391603583783}