{"a": 3.3431303707662137, "b": -2.538710289076238}