{"a": 4.569896687990753, "b": -2.9734503431985257}