{"a": 7.758194585438559, "b": -3.9504330120871143}