{"a": 3.9542579912173648, "b": -2.4242847545194817}