{"a": 8.90395982495511, "b": -4.397880202186619}