{"a": 8.227019835517227, "b": -3.792923967435719}