{"a": 5.940053985769381, "b": -3.0760651977970856}