{"a": 5.3810024568659145, "b": -3.494395262612251}