{"a": 2.2948107555493777, "b": -1.9821208713599323}