{"a": 7.465836565565543, "b": -4.062367925797306}