{"a": 5.856761647100708, "b": -3.6426174211388336}