{"a": 5.047656256330294, "b": -2.7970002507385563}