{"a": 4.250321192332893, "b": -2.9295541720133085}