{"a": 6.9076684306555185, "b": -3.4668818840296116}