{"a": 3.2969122372243738, "b": -2.39950298160241}