{"a": 5.0631058541964045, "b": -3.121612913196904}