{"a": 4.013281115963088, "b": -2.580933420798945}