{"a": 8.071320345519842, "b": -3.8111706304720623}