{"a": 3.0046327214736612, "b": -2.203493010117925}