{"a": 4.404894811666447, "b": -2.660672644768674}