{"a": 3.4398414934296095, "b": -2.594174399643592}