{"a": 4.242525598159047, "b": -2.565934776313526}