{"a": 4.958110400307327, "b": -3.129819573138872}