{"a": 7.331209060305881, "b": -3.786231145712392}