{"a": 2.0691612962682813, "b": -1.7947514012837673}