{"a": 5.610672207578769, "b": -2.950537198608224}