{"a": 7.0455974677787525, "b": -3.5073602783249025}