{"a": 5.462748658072101, "b": -2.9663100998655865}