{"a": 4.055494097838488, "b": -2.6027550291989634}