{"a": 5.477671501836949, "b": -2.92930345797477}