{"a": 7.479208205054077, "b": -4.068214917055407}