{"a": 9.34166704792818, "b": -4.120137126400342}