{"a": 1.7406014645016288, "b": -1.684234553123338}