{"a": 5.941701695625737, "b": -2.7732064452373146}