{"a": 4.098509986914542, "b": -2.50632088548507}