{"a": 3.8496668886687924, "b": -2.192474121966199}