{"a": 8.062458244851278, "b": -3.728186055127828}