{"a": 5.720182555142638, "b": -3.639722755836325}