{"a": 8.173297004869301, "b": -3.797828010114255}