{"a": 9.543081428331968, "b": -4.233516182104012}