{"a": 4.27232589307788, "b": -2.665762751384153}