{"a": 5.8673144095009695, "b": -3.205508961075524}