{"a": 7.686443203420334, "b": -3.8487956520704047}