{"a": 10.315959186714013, "b": -5.068929721807582}