{"a": 5.102633369232785, "b": -3.2679619083255367}