{"a": 5.26977512534071, "b": -3.2394615471133723}