{"a": 9.008206119308513, "b": -4.006461873265493}