{"a": 2.0220802124711392, "b": -1.5474958686486373}