{"a": 4.223830204764328, "b": -2.880728460241811}