{"a": 4.123158602069545, "b": -2.4436196531214276}