{"a": 4.189528752906479, "b": -2.715745335871226}