{"a": 4.369833226750573, "b": -2.6195804492395034}