{"a": 4.9440680362725224, "b": -2.8415270239326205}