{"a": 4.634364930164733, "b": -2.5973190784174793}