{"a": 6.7973681237825305, "b": -3.640305454755452}