{"a": 4.41405586516084, "b": -2.901940296180993}