{"a": 6.130905156227483, "b": -3.1300891160203634}