{"a": 4.725761118895322, "b": -2.7594290328244298}