{"a": 0.17809623985131937, "b": -0.5997172618405853}