{"a": 6.782044006180798, "b": -4.442023797293437}