{"a": 5.069308781137332, "b": -3.0415377892267834}