{"a": 2.948685740229745, "b": -1.8919903919123304}