{"a": 3.9761198212628717, "b": -2.5458361174550177}