{"a": 5.840356654840334, "b": -3.293152277810802}