{"a": 3.4327229672971886, "b": -2.4473389802353407}