{"a": 3.1069855368717305, "b": -2.3543134213479813}