{"a": 0.9714707811552934, "b": -1.4156414232434475}