{"a": 5.358547888973827, "b": -3.1056059896265844}