{"a": 6.4420269639795595, "b": -3.6452780647863983}