{"a": 1.0448308405537987, "b": -1.5196841890300843}