{"a": 4.879824667009037, "b": -3.2345565525544453}