{"a": 7.2121953391189, "b": -3.687370685375538}