{"a": 3.0756333926486668, "b": -2.175022716880406}