{"a": 5.503285268133888, "b": -3.5757394007364818}