{"a": 1.315563407755196, "b": -1.3633792959962776}