{"a": 7.506696251040321, "b": -3.6959379091205484}