{"a": 3.918914257137854, "b": -2.464758218485352}