{"a": 4.856218579310666, "b": -2.6317461377464437}