{"a": 5.983497479668298, "b": -4.2441529006129795}