{"a": 5.085718962862429, "b": -2.9909940845919794}