{"a": 5.65228782784237, "b": -3.017033207924911}