{"a": 4.590537896842069, "b": -2.844365960175565}