{"a": 8.268038617881697, "b": -3.955612057841983}