{"a": 7.926901773872443, "b": -3.6539574636934278}