{"a": 5.036460125650809, "b": -2.6890140424748123}