{"a": 3.789950283753994, "b": -2.5385514522634782}