{"a": 3.5951970549183763, "b": -2.6960826269474945}