{"a": 5.868331598105044, "b": -3.6293113985490995}