{"a": 11.044630592403962, "b": -5.082092082354933}