{"a": 9.734710766740914, "b": -4.894766060600433}