{"a": 5.454904534029133, "b": -2.892180282164569}