{"a": 3.278700264161496, "b": -2.128540564129374}