{"a": 5.159014382970744, "b": -3.038793851169411}