{"a": 6.491330286814722, "b": -4.441335529782799}