{"a": 4.1113951281098515, "b": -2.4520685374906788}