{"a": 3.39197713718823, "b": -2.2198056891568356}