{"a": 6.109996698034848, "b": -3.525568994574105}