{"a": 4.749430668172996, "b": -2.9525064465041977}