{"a": 4.0576392370287095, "b": -2.411263523394784}