{"a": 9.907207562923718, "b": -4.7268293339484435}