{"a": 6.914279891197049, "b": -3.823908935147248}