{"a": 4.372799797344827, "b": -2.8559396432526833}