{"a": 5.951014918849968, "b": -3.3387599378469583}