{"a": 6.250278946096703, "b": -3.586200204332827}