{"a": 3.7870372783897914, "b": -2.5382006721026533}