{"a": 9.129932544511217, "b": -4.6891754404551}