{"a": 10.956103194560136, "b": -4.958316444260659}