{"a": 5.837028647018184, "b": -3.093015549848852}