{"a": 6.378998652081624, "b": -3.232459311416524}