{"a": 9.905701450527925, "b": -4.6922159803767896}