{"a": 5.337832310758341, "b": -3.1953227008818517}