{"a": 9.802882696527268, "b": -4.600930471291446}