{"a": 3.836363002314835, "b": -2.2561049266245563}