{"a": 0.6895290491492135, "b": -1.1154031069201369}