{"a": 4.544478449625149, "b": -2.6686555100520306}