{"a": 0.8838303599723216, "b": -1.4758188803554915}