{"a": 3.0484568175393383, "b": -2.2642346254351815}