{"a": 4.1176431520812535, "b": -2.624377926831184}