{"a": 5.141419005334202, "b": -3.0915750045842145}