{"a": 3.0593087471032963, "b": -2.155202764374522}