{"a": 6.61078478577103, "b": -3.427317489616552}