{"a": 5.445938135198635, "b": -3.0986610275113535}