{"a": 2.225635953070005, "b": -1.4922799039938701}