{"a": 5.370116387958851, "b": -3.536090330518914}