{"a": 4.3712012877449355, "b": -2.877956916073363}