{"a": 6.336555846855688, "b": -3.5022813324572475}