{"a": 7.492920032689803, "b": -4.086540958369042}