{"a": 6.065721683044565, "b": -4.312710398721895}