{"a": 8.500240419106117, "b": -4.398725986956702}