{"a": 7.841396929248251, "b": -3.6824498972313697}