{"a": 9.88412159927615, "b": -4.936873744313854}