{"a": 4.875947148229099, "b": -2.8462435171545897}