{"a": 9.048289408437014, "b": -4.257452618895952}