{"a": 8.638486722411589, "b": -4.549232353484899}