{"a": 5.936414584124069, "b": -3.2746493954874887}