{"a": 6.472120217319415, "b": -3.938923362471919}