{"a": 5.877266801504016, "b": -3.2778543948116172}