{"a": 9.243760656258356, "b": -4.493063642196343}