{"a": 6.056078289043464, "b": -3.528303252548576}