{"a": 6.323940667818346, "b": -4.285575852345115}