{"a": 5.521650493068473, "b": -3.6318285028874}