{"a": 4.133774807436741, "b": -2.7522124737287434}