{"a": 9.174618579387841, "b": -4.472410465141501}