{"a": 0.1341643445572226, "b": -1.2517404980308031}