{"a": 4.944769323478664, "b": -2.833219957257982}