{"a": 6.5162632774489495, "b": -4.05489441893685}