{"a": 4.327893276378669, "b": -2.6389819292380032}