{"a": 6.915113647772044, "b": -3.6465177198930436}