{"a": 4.762564259925289, "b": -2.7675996634900404}