{"a": 3.640151729784443, "b": -2.440185713862625}