{"a": 6.525838676355234, "b": -3.138195472017074}