{"a": 6.299339152196484, "b": -4.3715877241498085}