{"a": 6.436059103590518, "b": -4.424768845448543}