{"a": 3.6164084707503688, "b": -2.2229928432693957}