{"a": 4.122227330311919, "b": -2.492224348059969}