{"a": 3.614587087682673, "b": -2.4192792863806263}