{"a": 5.264199441982498, "b": -2.9171980765735643}