{"a": 10.73331649561161, "b": -5.185031189226551}