{"a": 4.2062317378725975, "b": -2.65453876563402}