{"a": 1.876349646365664, "b": -1.6723392618578379}