{"a": 3.6776283587465985, "b": -2.498733251806872}