{"a": 5.899127149218968, "b": -3.5533329071188957}