{"a": 8.861131853481519, "b": -4.132696750057027}