{"a": 5.700945928578219, "b": -3.635250537344959}