{"a": 5.431402923340432, "b": -3.4505095661846505}