{"a": 7.129268972525544, "b": -3.5471968397299}