{"a": 5.7801364052696185, "b": -2.852968281856478}