{"a": 5.115726064070152, "b": -2.8265124263915933}