{"a": 6.882960609520945, "b": -3.550729204010414}