{"a": 5.3641488036908225, "b": -2.868796374155939}